[
  {
    "id": "27fef188-616f-4d6b-ac2a-3e9317e09cda",
    "data": [
      {
        "text": "boo",
        "userDefined": false
      }
    ],
    "isTemplate": false,
    "count": 0
  },
  {
    "id": "3754d20f-06d0-4720-ab60-21a71f69be08",
    "data": [
      {
        "text": "hi hi",
        "userDefined": false
      }
    ],
    "isTemplate": false,
    "count": 0
  },
  {
    "id": "5d109b70-9171-4ce8-8ef7-ce030f9186ec",
    "data": [
      {
        "text": "wassup",
        "userDefined": false
      }
    ],
    "isTemplate": false,
    "count": 0
  },
  {
    "id": "ac3b8dd7-8128-4b7f-9aba-c6b4f21da621",
    "data": [
      {
        "text": "whatsup",
        "userDefined": false
      }
    ],
    "isTemplate": false,
    "count": 0
  },
  {
    "id": "c6da5266-6154-475d-8a69-78b4bc1b2e57",
    "data": [
      {
        "text": "Whaddup",
        "userDefined": false
      }
    ],
    "isTemplate": false,
    "count": 0
  },
  {
    "id": "9e992b74-5beb-4116-8b78-235b72872496",
    "data": [
      {
        "text": "Sup",
        "userDefined": false
      }
    ],
    "isTemplate": false,
    "count": 1
  },
  {
    "id": "48649f6b-3344-4259-84e8-728a630179f9",
    "data": [
      {
        "text": "Hey there",
        "userDefined": false
      }
    ],
    "isTemplate": false,
    "count": 2
  },
  {
    "id": "a4152c3a-1586-41b7-aa70-29cd65e0e16e",
    "data": [
      {
        "text": "What is good",
        "userDefined": false
      }
    ],
    "isTemplate": false,
    "count": 0
  },
  {
    "id": "ad7f0077-5538-417c-928f-3f267cb9f94f",
    "data": [
      {
        "text": "Whats good",
        "userDefined": false
      }
    ],
    "isTemplate": false,
    "count": 0
  },
  {
    "id": "55344090-0658-4a92-be5c-a830e3e754d8",
    "data": [
      {
        "text": "whats good",
        "userDefined": false
      }
    ],
    "isTemplate": false,
    "count": 0
  },
  {
    "id": "039b9d7b-8a0c-4d25-885f-3420d7a11360",
    "data": [
      {
        "text": "whats up",
        "userDefined": false
      }
    ],
    "isTemplate": false,
    "count": 0
  },
  {
    "id": "0a73b739-1ecc-4193-8e33-b3cfeb766659",
    "data": [
      {
        "text": "helo",
        "userDefined": false
      }
    ],
    "isTemplate": false,
    "count": 0
  },
  {
    "id": "bde86bc0-a098-4819-b933-5e56ce044fa1",
    "data": [
      {
        "text": "Hey",
        "userDefined": false
      }
    ],
    "isTemplate": false,
    "count": 2
  },
  {
    "id": "134fb4a2-af71-415e-84bc-e297215745a2",
    "data": [
      {
        "text": "Hello",
        "userDefined": false
      }
    ],
    "isTemplate": false,
    "count": 0
  },
  {
    "id": "ecfba3e1-5c76-4eb5-ad7b-4d2ae4d33e72",
    "data": [
      {
        "text": "Hi",
        "userDefined": false
      }
    ],
    "isTemplate": false,
    "count": 1
  }
]