[
  {
    "id": "e12f52e2-7f4f-471b-b27d-5516ef39e321",
    "data": [
      {
        "text": "where?",
        "userDefined": false
      }
    ],
    "isTemplate": false,
    "count": 0
  },
  {
    "id": "f10b8bcf-c05d-4be0-b526-92d61671ef3a",
    "data": [
      {
        "text": "dining halls?",
        "userDefined": false
      }
    ],
    "isTemplate": false,
    "count": 0
  },
  {
    "id": "19093ca1-efb5-4c66-8bf3-04bdaa05adca",
    "data": [
      {
        "text": "where can I eat?",
        "userDefined": false
      }
    ],
    "isTemplate": false,
    "count": 2
  },
  {
    "id": "9b2e4227-024b-4558-bc45-238e04b68b32",
    "data": [
      {
        "text": "which dining halls",
        "userDefined": false
      }
    ],
    "isTemplate": false,
    "count": 0
  },
  {
    "id": "b4089d94-3d0f-4da0-9bed-048f02d600ad",
    "data": [
      {
        "text": "what dining halls",
        "userDefined": false
      }
    ],
    "isTemplate": false,
    "count": 0
  },
  {
    "id": "603c92ad-d1e0-44cd-a8a8-a9c4b328acf9",
    "data": [
      {
        "text": "what are the dining halls",
        "userDefined": false
      }
    ],
    "isTemplate": false,
    "count": 0
  },
  {
    "id": "dc2f37fb-2da5-4fef-bcde-3ed7cff7e77b",
    "data": [
      {
        "text": "What are the dining halls?",
        "userDefined": false
      }
    ],
    "isTemplate": false,
    "count": 0
  },
  {
    "id": "3ce4711d-f222-4b6f-ac28-adeb2455b2f8",
    "data": [
      {
        "text": "What dining halls are there?",
        "userDefined": false
      }
    ],
    "isTemplate": false,
    "count": 0
  }
]