[
  {
    "id": "1cfc59ed-ee90-4151-9505-82683cc2bd5e",
    "data": [
      {
        "text": "What are the options for meals?",
        "userDefined": false
      }
    ],
    "isTemplate": false,
    "count": 0
  },
  {
    "id": "71227be4-5d8a-4630-adf7-a8f3c62a66e2",
    "data": [
      {
        "text": "Meals?",
        "userDefined": false
      }
    ],
    "isTemplate": false,
    "count": 0
  },
  {
    "id": "3e465a4b-424d-48df-979b-4960d4328b96",
    "data": [
      {
        "text": "Which meals?",
        "userDefined": false
      }
    ],
    "isTemplate": false,
    "count": 0
  },
  {
    "id": "ced21528-0b92-498c-a030-33c811d3cc43",
    "data": [
      {
        "text": "What are my meal options?",
        "userDefined": false
      }
    ],
    "isTemplate": false,
    "count": 0
  }
]